path	reason	sha256	bytes
contracts/phase3da3_100_step_execution_contract_v1.json	RECOVERED_FROM_CLEANUP_QUARANTINE	863dc082835adcb144bd87f875af279880a90ac2faf2ff4fde12319854671e03	7653
docs/history/README_PHASE4A0_P1.md	RECOVERED_FROM_CLEANUP_QUARANTINE	d80a92cb7480dd3c21a9a30dac3c47e71fb54b86fad9fd27af9ef5eae4485e86	1390
docs/history/README_PHASE4A0_P2.md	RECOVERED_FROM_CLEANUP_QUARANTINE	1caa2cda7b8b847b915ca8e9e9ed693f561fea7f19b14f4cadf9c1e45c8777fb	1764
docs/history/README_PHASE4A0_P3.md	RECOVERED_FROM_CLEANUP_QUARANTINE	0e172863833bbe0f0174f782fe984b46e68add59e20b7b2d4e0a4995e524045a	2302
docs/history/README_PHASE4A0_P4.md	RECOVERED_FROM_CLEANUP_QUARANTINE	d6f58b607d9eefc559b273616b5cefedd05645d9c9e9ca28199c7eebfe14bac7	1790
docs/history/README_PHASE4A0_P5.md	RECOVERED_FROM_CLEANUP_QUARANTINE	58f65b40c355428ad22fddf91efeeb85cbaf32ce2a00a518a1069ec8b2d119c4	2471
docs/history/README_PHASE4A1_P0.md	RECOVERED_FROM_CLEANUP_QUARANTINE	ef8a845ef1973480719264e9f1dccdedee843dee545eb0f9586dd0b74bc45cfb	2888
docs/history/README_PHASE4A1_P1.md	RECOVERED_FROM_CLEANUP_QUARANTINE	61059d98326842400c36c380a701646c0c70fa984b02d5be48831eaf119ce721	2118
docs/history/README_PHASE4A1_P2.md	RECOVERED_FROM_CLEANUP_QUARANTINE	572e3c6289d88dde377e77cced71378d507d9e7ee225a611d71fd1c35b6e5c3a	3430
docs/history/README_PHASE4A1_P3.md	RECOVERED_FROM_CLEANUP_QUARANTINE	aa58aab481b18e3e951f91eef6c64541eb4005d8ef589808f74aae2a9b27bba7	1851
docs/history/README_PHASE4A1_P4.md	RECOVERED_FROM_CLEANUP_QUARANTINE	5f545bf42266fecf71a4890442976a1044cf08f4ff9fb6249a538bfb35d235f2	3184
docs/history/README_PHASE4A1_P5.md	RECOVERED_FROM_CLEANUP_QUARANTINE	00c3e8a3abdafa29e7299a58a272199907007ddf02a147d43dad25d38b6cf483	6173
docs/history/README_PHASE4A2_P0.md	RECOVERED_FROM_CLEANUP_QUARANTINE	21c1978ffceebc5c5fec2c5f8c6e8d30580abcab71d6b927577f93f3a079b823	3499
docs/history/README_PHASE4A2_P1.md	RECOVERED_FROM_CLEANUP_QUARANTINE	0029d460981729a2514a7944aaaffb38d8d30210a62fa331ab2b086b1cd4fe67	3704
docs/history/README_PHASE4A2_P2.md	RECOVERED_FROM_CLEANUP_QUARANTINE	67ddda85f12c25f6330d754c3bc2d661f127d75b77893f693bcdf4a2151aff8c	6803
docs/history/README_PHASE4A2_P3.md	RECOVERED_FROM_CLEANUP_QUARANTINE	90b6ef2c212148cf300682c26602d2e1b5b5eabe1c14dd4e9e0e2e14d1ffa14e	2809
docs/history/README_PHASE4A2_P4.md	RECOVERED_FROM_CLEANUP_QUARANTINE	c3d0368640018c2964bea98b851649368c5eb7ed4bdf2fd54bb018e7ac2672f2	9284
docs/history/README_PHASE4A3_Q0B.md	RECOVERED_FROM_CLEANUP_QUARANTINE	7081c337f8a2d9b7d01020410585f3758bc08e662d8d7f64b787668707a7c735	4022
docs/history/README_PHASE4A3_Q0C.md	RECOVERED_FROM_CLEANUP_QUARANTINE	6237068d229c211e660d8826531398c8a3f841e3e0c890f9d7938c93a7b88789	3308
docs/history/TOOL_REPAIR_003.md	RECOVERED_FROM_CLEANUP_QUARANTINE	32a5169edaa9f95faa445c3a8e88e7d51fb205da842433e38df56ded94b89d0b	911
scripts/analyze_phase3a4_none_bisect.py	RECOVERED_FROM_CLEANUP_QUARANTINE	cbc49b46cf7c63c9e18a6849d09c8a3c50739cf2c68cae10b45ca230780f24cc	8897
scripts/analyze_phase4a0_p3_fragment_maps.py	RECOVERED_FROM_CLEANUP_QUARANTINE	bf0613329b491c59088c13c065faed2450449561783281b19c690b557c27414f	26672
scripts/apply_phase4a2_p1.py	RECOVERED_FROM_CLEANUP_QUARANTINE	f624530fc896dc66617c03f823620a88f419c86746eddeb9774238b48cc1102a	14375
scripts/apply_phase4a2_p2.py	RECOVERED_FROM_CLEANUP_QUARANTINE	5bc6763c6dea2a0815521e8846c28b9f3ed0790a111a6fd017588a4afbe12155	17443
scripts/audit_phase4a1_p5_isa.py	RECOVERED_FROM_CLEANUP_QUARANTINE	9cf14a6424e16ec1ed70b7d73b7d2289a1a8cf3afec217b6a3b1e3b6b8b63de5	18565
scripts/audit_phase4a2_p4_code_object.py	RECOVERED_FROM_CLEANUP_QUARANTINE	fa186d2457089805973f0e0997e56934e8ecad1eb0d83c5916fb9d5bbcc45d46	26784
scripts/benchmark_phase3a1.py	RECOVERED_FROM_CLEANUP_QUARANTINE	66473ea527b9a3c658b0954e55e9993e3061a8deb9a191b8290048d596e88eed	5464
scripts/benchmark_phase3a4.py	RECOVERED_FROM_CLEANUP_QUARANTINE	66ef7e1131fa9e4e5a5236ddd0caa799705de4970349db1fa6d79bba10e22777	5050
scripts/benchmark_phase3a4_conditioned_case.py	RECOVERED_FROM_CLEANUP_QUARANTINE	00d86530658f2b4f21afd6ac9507f50a4f36cf21b46331fff637bbaae42880da	8996
scripts/benchmark_phase3a4_conditioned_metric_v2.py	RECOVERED_FROM_CLEANUP_QUARANTINE	53bcd73d40b97d8afb2b1712c56e0d58352d5436f528c38c3d53fd86ec2aa390	8944
scripts/benchmark_phase3a4_conditioned_metric_v3.py	RECOVERED_FROM_CLEANUP_QUARANTINE	0077d4eadf6cef74c4098f84096f7716f1dae2d05faac0e9fe0cc6127c659be8	8461
scripts/benchmark_phase3a4_conditioned_metric_v4.py	RECOVERED_FROM_CLEANUP_QUARANTINE	dde22b68e643f77080977bcca28d547df2eee0cd3595e6ab8dfbffa658817250	7976
scripts/benchmark_phase3a4_none_sequence.py	RECOVERED_FROM_CLEANUP_QUARANTINE	d381cd1c520d9a7e8af56cb11e036bfe259269b7c85d8ce2719d0582b012d048	5451
scripts/build_phase3a4_conditioned_v4.py	RECOVERED_FROM_CLEANUP_QUARANTINE	af353edd1cf772c5109e88f41a9327756211e51faa7ac47b05de4d7976234373	10338
scripts/build_phase3a4_none_bisect.py	RECOVERED_FROM_CLEANUP_QUARANTINE	09f3ebb63abeb4fe0912a47882f54752f538726bdd073e17a96a55c7e7ce71b4	1925
scripts/build_phase4a2_freeze_archive.sh	RECOVERED_FROM_CLEANUP_QUARANTINE	708b820a93638c9e1faa2b048db049c22d748ba95bc2cce3a3326c7152189e42	1456
scripts/build_phase4a_native_modules.sh	RECOVERED_FROM_CLEANUP_QUARANTINE	c3babcd02f7d934fa66bb99da913ac1b3446a6d8e19dd6e05a59232601dfb52b	4255
scripts/bundle_phase4a3_q0c_diagnostics.py	RECOVERED_FROM_CLEANUP_QUARANTINE	f447decdded604f36dc999f35d88979c2003c42d81ae6d74c115721c95a2a9d8	928
scripts/diagnose_phase4a2_backward_layout.py	RECOVERED_FROM_CLEANUP_QUARANTINE	e22728186f3c8d0c9969f8de8bcdbcb3d86e7d011d41f6fd97e4e528cb92f36f	13400
scripts/finalize_phase3b1b1_report.py	RECOVERED_FROM_CLEANUP_QUARANTINE	cbab3061443f819bf233957888c0292776f9d4031fe4379f097c3b3e19899ba5	6509
scripts/finalize_phase3b1b_report.py	RECOVERED_FROM_CLEANUP_QUARANTINE	7d837d206290af662b9e13cbc209b42e5d6b193e8a9a5402c2fd3413c1922f72	8569
scripts/finalize_phase3b1c1_audit.py	RECOVERED_FROM_CLEANUP_QUARANTINE	6ffdc7869690c93d76706d13c5a2d6532725e848243248b8125509a5de425f77	9613
scripts/finalize_phase3b1c1a_audit.py	RECOVERED_FROM_CLEANUP_QUARANTINE	ea18a4be7d5395d0cb87b727cb068530f24cea157b623ba0564ad44a88c02b8c	8266
scripts/finalize_phase3b1c_report.py	RECOVERED_FROM_CLEANUP_QUARANTINE	e39bcae79b267ab62b99eba67c446b0c1a98f20834f7d589619c64376381226f	5693
scripts/finalize_phase3b1d1_audit.py	RECOVERED_FROM_CLEANUP_QUARANTINE	a92654d0c4421957bfb74a62fec34a18a05cffbd6431a72d68a6b620c28d552c	7526
scripts/finalize_phase3b1d1a_audit.py	RECOVERED_FROM_CLEANUP_QUARANTINE	084d7933ff89ed301cfca65e18decc800b5faee7a7a1fc9397e951607af1226f	5642
scripts/finalize_phase3b1d_report.py	RECOVERED_FROM_CLEANUP_QUARANTINE	6be63dfb8e7e4f9f71c97fd27d2cc51935c142e68e240cadc3b471ccdd2c7815	6470
scripts/finalize_phase3b1e1_report.py	RECOVERED_FROM_CLEANUP_QUARANTINE	319e2c0c9a0f434ca35e88fc2402f860aae1d0fdcf0390e52325963734499e6f	12085
scripts/finalize_phase3b1e1a1_closure.py	RECOVERED_FROM_CLEANUP_QUARANTINE	81786d1bc8013bf8f4db841b4afef43c27b1610338ff4d2270767ac59b35a4a2	10872
scripts/finalize_phase3b1e1a_report.py	RECOVERED_FROM_CLEANUP_QUARANTINE	1ac32660b026e631a4622f1a1dd17c03241f97d3911616a231143dc01735a7f7	8970
scripts/finalize_phase3b1e_report.py	RECOVERED_FROM_CLEANUP_QUARANTINE	48142c031434ef429fda8d24708b0cf14c312485c0535af04e7fcb7483f98919	9357
scripts/finalize_phase3b1f_report.py	RECOVERED_FROM_CLEANUP_QUARANTINE	6e858fa45e4d80460d7be98c41ed13b9ceb41085cccc44a8c9cdff81994fbb14	11463
scripts/finalize_phase4a0_p2.py	RECOVERED_FROM_CLEANUP_QUARANTINE	f9b49ec83030469b456fbafd646304d8ddea33f91f035f7d7ff11b0db023036b	7888
scripts/finalize_phase4a1_p1.py	RECOVERED_FROM_CLEANUP_QUARANTINE	ee941f8fab9ac03c0f3fc58c44cbf03647f993031ec6e88b8db180f9eb034483	5921
scripts/finalize_phase4a1_p2.py	RECOVERED_FROM_CLEANUP_QUARANTINE	049885039bd0091f900929f517f59fdad9200a0e42a91cf555a2e7208a4a62a9	7870
scripts/finalize_phase4a1_p3.py	RECOVERED_FROM_CLEANUP_QUARANTINE	24f66698967cbb6b4a613e451ad3cd09a4584706e77d8f07f7bdaa9ca9903da0	7994
scripts/finalize_phase4a1_p4.py	RECOVERED_FROM_CLEANUP_QUARANTINE	582e8983d872d88550acfb86f8487ba4e38e7e08b9375255f559282e32e6c86b	9203
scripts/finalize_phase4a1_p5.py	RECOVERED_FROM_CLEANUP_QUARANTINE	c3a136c0d36c5752068299abfea1aee69d43805eba3726fc015326c5d5f7824e	5287
scripts/finalize_phase4a2_abc_mikrogates.py	RECOVERED_FROM_CLEANUP_QUARANTINE	d895cc2f306f550616c9dc568e56f286a4ee3e5a8532d94ba3a68d9d2c248572	5067
scripts/finalize_phase4a2_forward_bridge.py	RECOVERED_FROM_CLEANUP_QUARANTINE	3f95d7b57e85c73faf8d93a8c3bac368b874ff099b61c93a5bd5a0356bea9495	4005
scripts/finalize_phase4a2_p0.py	RECOVERED_FROM_CLEANUP_QUARANTINE	91581b6b5b6a9ad7073aafef8ab6afa4044361396c355e7068c67b03cd48acf8	6499
scripts/finalize_phase4a2_p1.py	RECOVERED_FROM_CLEANUP_QUARANTINE	cfc79e1454b1173563c6d1e4767519d0b83773219b32ea5430831335a406ce22	9636
scripts/finalize_phase4a2_p2.py	RECOVERED_FROM_CLEANUP_QUARANTINE	29b39007467a60dbc132d68e8f26b0e1228554b6bad566ab0a818b0b37ae0f9b	12356
scripts/finalize_phase4a2_p3.py	RECOVERED_FROM_CLEANUP_QUARANTINE	ea277373c1bf3438ab51a64353db52d82ccb08e5155a5b491e9fa866f1fd7029	9654
scripts/finalize_phase4a2_p4.py	RECOVERED_FROM_CLEANUP_QUARANTINE	f1d09aba168e67125514cfa28f60f9c1e4f3d70cb5eeb811e8aaead638f1b13f	20094
scripts/finalize_phase4a3_q0b.py	RECOVERED_FROM_CLEANUP_QUARANTINE	93b11517d386a17233ed44b2f3b8acea54b221f518dbcae7d3d2858ebf8a4825	10723
scripts/gen_sh.py	RECOVERED_FROM_CLEANUP_QUARANTINE	183e277284f7c4b4e589432610df9be733951cc292c409ce86ba40e93f585af7	3090
scripts/generate_phase4a0_p4_relay_source.py	RECOVERED_FROM_CLEANUP_QUARANTINE	b903f7b0c8c77f6d7168b126620f6bf49d95abb99727004f29f124557a3dc9be	23416
scripts/generate_phase4a0_p5_two_layer_fused_source.py	RECOVERED_FROM_CLEANUP_QUARANTINE	faba1f4e65e35da905561464ea262af5ca8e5d7e0552473b5109c29cd1d94fbf	36707
scripts/generate_phase4a1_p2_mapping_header.py	RECOVERED_FROM_CLEANUP_QUARANTINE	08462fd4af05ab6e7045962b8e592d133d9c2cb5d057f0bf2a6650371a224d77	8635
scripts/patch_phase4a3_q0b_binding.py	RECOVERED_FROM_CLEANUP_QUARANTINE	4fb1145630ee0f497868f552075fafd910bb1cbc899bb3541b5871f714d47a2f	5637
scripts/phase3a4_v4_native_window.patch	RECOVERED_FROM_CLEANUP_QUARANTINE	77172047e889b0d56bfabda3e475684d2e8bb2883552a699ea9d4bffe974acdd	2948
scripts/phase3b1f_benchmark_worker.py	RECOVERED_FROM_CLEANUP_QUARANTINE	2dbab49b5877b83843b838fed8c35d230e197ae56114fafb6977bbf7a44db537	36158
scripts/phase4a0_p1_minimal_rocwmma_gemm.cpp	RECOVERED_FROM_CLEANUP_QUARANTINE	ba64989682e7fe347080a8c43dfacb14fd3df9bbf47869b68e5073eeaba3c91c	12731
scripts/phase4a0_p2_raw_lane_fragment_map.cpp	RECOVERED_FROM_CLEANUP_QUARANTINE	6b18fc1d4d85db9b5c0a0a1f24ad2c87b73b03ec57b81f278b16b32fa212b4bf	22699
scripts/phase4a1_p0_width64_tile_plan_and_cpu_oracle.py	RECOVERED_FROM_CLEANUP_QUARANTINE	eacff71d2d17260b62e9a29ed954f1cab9d584240553b2a2d68a6cc279287a3e	32698
scripts/phase4a1_p1_width64_single_layer.cpp	RECOVERED_FROM_CLEANUP_QUARANTINE	3ecbdc5038063db3f32ee5b62224750e88e6527738ba9b9a9d81e6fb991636fc	25457
scripts/phase4a1_p2_width64_hidden_lds.cpp	RECOVERED_FROM_CLEANUP_QUARANTINE	eb4243a1cd9f5ad396d9a23b0f553f1ad4e20c46d44b408648e599a517300549	26066
scripts/phase4a1_p3_width64_two_layer_fused.cpp	RECOVERED_FROM_CLEANUP_QUARANTINE	2e6ead7ff4afa951964db541ba06c695172cf5776a8772bde8b84fc08939503d	27151
scripts/phase4a1_p4_width64_three_layer_fused.cpp	RECOVERED_FROM_CLEANUP_QUARANTINE	54e03ee731046bb007d0c554c6d1e6ec2dea99d4f4fe150bb60563e36c4b3382	37114
scripts/phase4a2_probe.py	RECOVERED_FROM_CLEANUP_QUARANTINE	1b979dbc006231249bcc59fa31c99b7e22cdf7d746f020af940301e3c6b2189c	3092
scripts/phase4a3_q0b_hip_runtime_bridge.cpp	RECOVERED_FROM_CLEANUP_QUARANTINE	8c9d49da22b07e22c636e81acf941404950e29644532b6124d801214bfe241bb	2899
scripts/phase4a3_q0b_hook_smoke.py	RECOVERED_FROM_CLEANUP_QUARANTINE	1a1a1e0ce14c57ecc526b4d1d3ba1e3025644759bddc5b975529bcab3302f0b7	7732
scripts/phase4a3_q0b_worker.py	RECOVERED_FROM_CLEANUP_QUARANTINE	5609c0bbb6ca255bb67b1902333686d81213d3a55bde67915a4484175dab92ae	28352
scripts/phase4a3_q0c_hip_runtime_bridge.cpp	RECOVERED_FROM_CLEANUP_QUARANTINE	437d67edd298071332e8d95adfbddab4c3ac435efa4e8a8440ab28e61168ac2e	2899
scripts/phase4a3_q0c_hook_smoke.py	RECOVERED_FROM_CLEANUP_QUARANTINE	a13531200fdda34e9adf27602b6e73abfe533e06dc0b52ca196dd853e34af4c3	7766
scripts/phase4a_amd_gsplat_integration.py	RECOVERED_FROM_CLEANUP_QUARANTINE	96b2f9e23876a3a32a1474e84d292241825de43f5c18c7bfe970203647ed4df7	12630
scripts/prepare_phase4a1_p3.py	RECOVERED_FROM_CLEANUP_QUARANTINE	ebb00d9faa3f317f2b60971dde407e2aa4cf6e36cbc1faf349ba4f3c576d091c	6772
scripts/prepare_phase4a1_p4.py	RECOVERED_FROM_CLEANUP_QUARANTINE	758a63fb723106cfc2aa28e0e1717f152bf018d7d823e006587c11e9d8ebeed2	9084
scripts/prepare_phase4a1_p5.py	RECOVERED_FROM_CLEANUP_QUARANTINE	9a75a9dd9861195c3c04e4807ecdccdc4c454b37f647d7666c883b278d747221	6846
scripts/prepare_phase4a2_freeze.py	RECOVERED_FROM_CLEANUP_QUARANTINE	29ca95f4899696ce2bebf4bf749bb74ee3fd2974cd646893d54f116d3354da4e	10307
scripts/prepare_phase4a2_p0.py	RECOVERED_FROM_CLEANUP_QUARANTINE	01c36af45c54f4bf027d6448b37b1e0e065d8aacbfbb296bd22f45f8ccd165c3	12552
scripts/probe_phase3b1a_fp16_hipblaslt.cpp	RECOVERED_FROM_CLEANUP_QUARANTINE	c9cc43d277b4085ba8d621fe03750da4a725758b3fec2359bc02751e7a1c9041	15832
scripts/probe_phase3b1b_fp16_epilogues.cpp	RECOVERED_FROM_CLEANUP_QUARANTINE	b2e4b80e65e64a34653170a9888296f9bdc820f1d8cffe98a80b5d96b724de0f	10866
scripts/probe_phase3b1c_fp16_backward_gemm.cpp	RECOVERED_FROM_CLEANUP_QUARANTINE	5f813a2e4d39eb5dcb2995108c4664e5f6d42943f322f80ad5f06f0d041534df	6843
scripts/reanalyze_phase3a4_conditioned_none.py	RECOVERED_FROM_CLEANUP_QUARANTINE	8faa8bb634edfe6d3419b3f5d2451897e37cd5695181363bac587adcf1b9ab8d	5097
scripts/resume_phase4a2_p1_after_probe_fix.sh	RECOVERED_FROM_CLEANUP_QUARANTINE	f28857c6b940d2a8acc3b0955f940df37490a60668cc353c139dbc8653b70930	5882
scripts/resume_phase4a2_p2_after_register_size_fix.sh	RECOVERED_FROM_CLEANUP_QUARANTINE	26f61ffae095e999b94d334d3c7b9e68c6dc98f360eb45910e12ad5ca3286e37	10450
scripts/resume_phase4a2_p4_after_symbol_tool_fix.sh	RECOVERED_FROM_CLEANUP_QUARANTINE	d9b7003af48dc8b5f9d59c5587fa839814d3ba54caf8fc3a463625a6e3274f07	10616
scripts/run_phase3a4_conditioned.py	RECOVERED_FROM_CLEANUP_QUARANTINE	00476ad9f8d1c30d3db2437a5d5430b4573faf790362b497e156baf012335601	8734
scripts/run_phase3a4_conditioned_v2.py	RECOVERED_FROM_CLEANUP_QUARANTINE	8e6a624e4f60df0a1e69c3a4d1129baad601f1b47ee682107e33c8ff638f1c25	8754
scripts/run_phase3a4_conditioned_v3.py	RECOVERED_FROM_CLEANUP_QUARANTINE	8b8907f67f946c7ee6767528e85ac41382fc9bd18cd560fa23e77e80ea731825	5951
scripts/run_phase3a4_conditioned_v4.py	RECOVERED_FROM_CLEANUP_QUARANTINE	02c776143cf1db679201d26458d8407b1a8c2a0b267b83883cef6993a7d85072	3868
scripts/run_phase3a4_conditioned_v5.py	RECOVERED_FROM_CLEANUP_QUARANTINE	e58d954df9efadf1551aaa458234853c7aa660d52a9148d2cf0ffd5ed257e0fb	9485
scripts/run_phase3a4_environment_qualification.py	RECOVERED_FROM_CLEANUP_QUARANTINE	22ce372f307e8e2aafea0e4d078b4658c5837d9bd1d10062d0fe64fdfcb98e6a	18473
scripts/run_phase3a4_none_bisect.py	RECOVERED_FROM_CLEANUP_QUARANTINE	bb03caa53bb0fc9939f74600494ac25da1801dd733c3579fc912229e2f0e7231	2203
scripts/run_phase3b1a_fp16_capability.py	RECOVERED_FROM_CLEANUP_QUARANTINE	8d601b666b81129d0e7d39a5e197854da2f73ce0695b904da2048d9cb4e6095b	17196
scripts/run_phase3b1b_epilogue_checkpoint.py	RECOVERED_FROM_CLEANUP_QUARANTINE	7c6d1f41ef6c972b4467328db84f66a5d9048cbf77b5842d299a9731ff420fda	6149
scripts/run_phase3b1c_backward_capability.py	RECOVERED_FROM_CLEANUP_QUARANTINE	fa78607cdd706fef22d559b19cb36e2aa0c1a4cb1e989ca941d2e23f6649fd7c	2976
scripts/run_phase4a0_p1_minimal_gemm.sh	RECOVERED_FROM_CLEANUP_QUARANTINE	23ba82a0b3369eeb710b26d7d8b9196f35635f46e6c407bd44bc7d788b9c7327	2461
scripts/run_phase4a0_p2_raw_lane_fragment_map.sh	RECOVERED_FROM_CLEANUP_QUARANTINE	f4a0bff71372ae6ddf761b9c30d0843c5182fc521c68f77a99889deaf7892e5a	4730
scripts/run_phase4a0_p3_fragment_map_interpretation.sh	RECOVERED_FROM_CLEANUP_QUARANTINE	a9127c894e11db74ec017b10826dd844cb3195da79107affadd27cc2b03dd67e	5689
scripts/run_phase4a0_p4_accumulator_to_matrix_a_relay.sh	RECOVERED_FROM_CLEANUP_QUARANTINE	cdf6b98f518f08a52364829fd6ceb81778b4d2aa836d51c89851220bbd5cb5af	6931
scripts/run_phase4a0_p5_two_layer_fused_forward.sh	RECOVERED_FROM_CLEANUP_QUARANTINE	821f048615102f5a062ecccf5c63d677ac2aff3db75adee4250b1638110cb877	8657
scripts/run_phase4a1_p0_width64_tile_plan_and_cpu_oracle.sh	RECOVERED_FROM_CLEANUP_QUARANTINE	2fb66126363578b00b370721adf39baa47af85b2a41bb805bff70eaa3f631e66	6206
scripts/run_phase4a1_p1_width64_single_layer.sh	RECOVERED_FROM_CLEANUP_QUARANTINE	2354d507468eb1657d660cf2cc4b6e9b6c90e3e26c1678b7c4a6f4c3d1965638	7473
scripts/run_phase4a1_p2_hidden_epilogue_and_lds_publication.sh	RECOVERED_FROM_CLEANUP_QUARANTINE	f7a2efc999f52749a7de800da1ac083126a7dddd03ff40b26e484bbb9cf8df07	11776
scripts/run_phase4a1_p3_width64_two_layer_fused_forward.sh	RECOVERED_FROM_CLEANUP_QUARANTINE	f4be408f3d87488c788801c38df9ba721f925c57d6aa7e7d5011ec7e76587ea8	9237
scripts/run_phase4a1_p4_width64_three_layer_fused_forward.sh	RECOVERED_FROM_CLEANUP_QUARANTINE	4b9f2b6fd06551ece72a3f94623d96163e8736065e6d726abcfe60f441d86faa	11434
scripts/run_phase4a1_p5_isa_resource_and_global_traffic_audit.sh	RECOVERED_FROM_CLEANUP_QUARANTINE	0cf1fd198ae412158423670c3c8a7e19dc94efec10f6342510d049c6ba2ade8c	16346
scripts/run_phase4a2_p0_production_integration_contract.sh	RECOVERED_FROM_CLEANUP_QUARANTINE	722ad1bf501d95e79df112fb517a6e557bcb47cee1e2936c945f42759374930e	6522
scripts/run_phase4a2_p1_opt_in_class_build_factory_skeleton.sh	RECOVERED_FROM_CLEANUP_QUARANTINE	8f764ac7fc86ce23131b5f9230f59f4e8b70780c11ae0e91acc1b52af412de25	11563
scripts/run_phase4a2_p2_production_inference.sh	RECOVERED_FROM_CLEANUP_QUARANTINE	58225ed5abf6f6e44b880a616e40820fa38ce8aa67a43ae973330b699e6e4909	12042
scripts/run_phase4a2_p3_runtime_integration_closure.sh	RECOVERED_FROM_CLEANUP_QUARANTINE	9bc61ddf2300da9ea3b081645005b78a52bfdaa2edf32cf0840f4884923aba1e	8218
scripts/run_phase4a2_p4_production_code_object_audit.sh	RECOVERED_FROM_CLEANUP_QUARANTINE	bc03854e78460c7de1a3ee3e1e1e0b59a94fe9b029afe5e0626fa6fd4e168740	12991
scripts/run_phase4a3_q0b_apparatus.sh	RECOVERED_FROM_CLEANUP_QUARANTINE	8cc4718a5fa2527bdccfec91406310237b25bb3931158a9194aa59d9533f8858	10782
scripts/run_phase4a3_q0c_apparatus.sh	RECOVERED_FROM_CLEANUP_QUARANTINE	cd44a4ff78723b3692a621947e645e6ce897130cfcbea87bd5f63d938e3e5523	9653
scripts/run_phase4a_amd_gsplat_integration.sh	RECOVERED_FROM_CLEANUP_QUARANTINE	185f090598cd23914f22835d985c27fd03ad213c2785ff5885b7157e89413df6	740
scripts/run_phase4a_fresh_integration.sh	RECOVERED_FROM_CLEANUP_QUARANTINE	c11b19896dc0bfecdf761aa5ad45af204e229cccbb9b67ef1d048a6fd4bd165e	516
scripts/start_environment_qualification.sh	RECOVERED_FROM_CLEANUP_QUARANTINE	6b86ee4c2d0040b8b9d18d1da9b2db8761448c06787634814b13b8eef6a0afa5	7233
scripts/test_grid_bwdbwd.py	RECOVERED_FROM_CLEANUP_QUARANTINE	382a5df4ca9029c3842677b92774623173b48554095557cf8018d6ff8d44e4cc	8836
scripts/test_phase3b1b1_fp16_forward_hardening.py	RECOVERED_FROM_CLEANUP_QUARANTINE	596028c982a23853e53c36f1e5f6d7e7bfc19ec7bca69d6ff1a91cfbae69f878	12352
scripts/test_phase3b1b1_fp16_forward_hardening.sh	RECOVERED_FROM_CLEANUP_QUARANTINE	f7eb1921f58e4c32dd2799e2015ff5a39da47bfe33d5693e4283577271544f05	469
scripts/test_phase3b1b_fp16_forward.py	RECOVERED_FROM_CLEANUP_QUARANTINE	b5bff3ca5a15a59d02f6a4c97d52915ae5a4f03e150725f8824f01def87c2b50	11534
scripts/test_phase3b1b_fp16_forward.sh	RECOVERED_FROM_CLEANUP_QUARANTINE	336348c8c374694cab032748eb795bb075fe3080d36140b24352a45380302f30	459
scripts/test_phase3b1c1_backward_audit_hardening.sh	RECOVERED_FROM_CLEANUP_QUARANTINE	dc4e5cf6573e88501a145f175d84b5ec5690edac0286592c5393f02176049d4d	485
scripts/test_phase3b1c_fp16_backward.py	RECOVERED_FROM_CLEANUP_QUARANTINE	2d77bf9fa0dbb8f05af7a4a2bd0a1563d3b9b5006fd4edc6d3adebc14efd777e	16843
scripts/test_phase3b1c_fp16_backward.sh	RECOVERED_FROM_CLEANUP_QUARANTINE	2278be09b9bdfa303668f4a234116001f5e1b99915597bed2d46dc6083caa39e	457
scripts/test_phase3b1d1_training_audit.py	RECOVERED_FROM_CLEANUP_QUARANTINE	5bfdd549dccc7c6f36a6667d6ffeddd416554eaf4bc8a0fcf71f58e0064fafab	11562
scripts/test_phase3b1d1_training_audit.sh	RECOVERED_FROM_CLEANUP_QUARANTINE	df90a2ca4436dc47e5d06df717d222f7e5cf21947a6883ddb9be6ef1926c2fad	400
scripts/test_phase3b1d_fp16_training.py	RECOVERED_FROM_CLEANUP_QUARANTINE	07ad417c64af2a3a9473560afaf8189076b21aac0ad110f00585ab12391b53dd	15781
scripts/test_phase3b1d_fp16_training.sh	RECOVERED_FROM_CLEANUP_QUARANTINE	62fe1a764d43d601e0b08e7566a39a6e05d1b5a108f4eaefde594cb69ed86d55	460
scripts/test_phase3b1e1_encoding_closure.py	RECOVERED_FROM_CLEANUP_QUARANTINE	8709b355ba5fa502ab15814f9556a59acfee0fe641913c0ba36d15a98de31621	30326
scripts/test_phase3b1e1_encoding_closure.sh	RECOVERED_FROM_CLEANUP_QUARANTINE	e36178ee341432676fbef75d003e3e1973b9a8455728f38576577a1e7968c3df	500
scripts/test_phase3b1e1a_final_encoding_audit.py	RECOVERED_FROM_CLEANUP_QUARANTINE	875c7b33120aa86a04cda891a32f81c2051977b8a454691ba67090782eadb231	14733
scripts/test_phase3b1e1a_final_encoding_audit.sh	RECOVERED_FROM_CLEANUP_QUARANTINE	bfe8d489f7221289ec2583ee47f428895846d0922d5880d9b59256b3bc8d8b20	460
scripts/test_phase3b1e_fp16_network_with_encoding.py	RECOVERED_FROM_CLEANUP_QUARANTINE	f935e4343758e3508b3d6b333b3a15ba63931ee41484360c912caf65ba16a098	15135
scripts/test_phase3b1e_fp16_network_with_encoding.sh	RECOVERED_FROM_CLEANUP_QUARANTINE	c9e387046ece327c617e0da50022c372da771ad151bc6252b09962132f49651f	511
scripts/test_phase3b1f0a_harness.py	RECOVERED_FROM_CLEANUP_QUARANTINE	af8ec92d4dac3119ffd5c5a10c17ab18882ae0ce76680bab20fc0c1c0e2d652f	25031
scripts/test_phase3b1f0b_contract.py	RECOVERED_FROM_CLEANUP_QUARANTINE	82d2b3f16df4e7112efd7cbfefcf0e32b862d4beae76bc10438ec404b975004f	5424
scripts/test_phase3b1f_performance.py	RECOVERED_FROM_CLEANUP_QUARANTINE	0cf0126870428918257165802adde2dd5a95df249457055ae10c415e3a1dd102	19278
scripts/test_phase3b1f_performance.sh	RECOVERED_FROM_CLEANUP_QUARANTINE	304750726a3a0c6296fd17cb8fc727f702d981406d7292ecf9fa03b9b3f75354	593
scripts/test_phase4a_native_build_negative.sh	RECOVERED_FROM_CLEANUP_QUARANTINE	71ddf2921c7d8c6a839be755388189ce9bba481c05fc28a6a6cd6135fd19ecec	809
scripts/test_random_input.py	RECOVERED_FROM_CLEANUP_QUARANTINE	642310584951439204758e7d4795b8743c3dcae2b4709b143ff8412ac1b3d524	1576
scripts/test_torch_bindings.py	RECOVERED_FROM_CLEANUP_QUARANTINE	5c33c8a11c1de810a31ff72e77a30f2e69ed0168e09ac6e1b61967ff6ecf49e0	2080
scripts/trace_phase3a4_none_gemms.py	RECOVERED_FROM_CLEANUP_QUARANTINE	95d856183ee7cae3ec3741c6472742b37003567100f6e6885a0f7f7249630d17	1220
scripts/validate_phase2d.py	RECOVERED_FROM_CLEANUP_QUARANTINE	0f1b81ddb80128096beab520edd7566c5726359e6e209c535edd91e975020b65	9144
scripts/validate_phase2e.py	RECOVERED_FROM_CLEANUP_QUARANTINE	6f1ee0b40b519fc55b015dd12918cfc93cb1fca531a1b87e1af969831b4bb0d7	13154
scripts/validate_phase3a1.py	RECOVERED_FROM_CLEANUP_QUARANTINE	9d3992e43b23a715578e05cf7d471c78702e4c1a66792a3722f32448b62606ad	11800
scripts/validate_phase3a4.py	RECOVERED_FROM_CLEANUP_QUARANTINE	2e5573e0e12813a589b7eb831a283ca15388330123ce0d91e88450fc982c4328	5442
scripts/validate_phase4a2_forward_bridge.py	RECOVERED_FROM_CLEANUP_QUARANTINE	155e900eeafca24d064699385ed63dd60adad3701ad6cae768c90555bcfeacd2	4283
tools/analyze_phase3da_dmax_review.py	RECOVERED_FROM_CLEANUP_QUARANTINE	ea1adfd932fe568c90008b3a7a04b23a7b2533c5c35a3a2338e0a2ac4addd05e	12993
tools/build_phase3da3_100_step_driver.sh	RECOVERED_FROM_CLEANUP_QUARANTINE	6e132e87ab9ece0f64d15f26e649860c150dc78476cdf841134c314a9d0ea1ad	419
tools/collect_phase3da3_driver_provenance.py	RECOVERED_FROM_CLEANUP_QUARANTINE	b1b6b280c204743fe31b69676be91d0999bd6dc7907a46536492b8be31923ef8	11371
tools/compare_phase3b_states.py	RECOVERED_FROM_CLEANUP_QUARANTINE	bbc0f5d3910c88399b83184c11863e333d5c54e742e360666f967818c73d44b9	1303
tools/create_phase3d0_freeze_metadata.py	RECOVERED_FROM_CLEANUP_QUARANTINE	4e61bc7fef408a6459e1849aab2ecc49f822dbb55636bc32109af73c3f78773c	4620
tools/finalize_phase3d0.py	RECOVERED_FROM_CLEANUP_QUARANTINE	c629fef74b55f6d5ff246410db9b75369e98559a74007a8231410aa68a1d5a9c	5583
tools/finalize_phase3d0_implementation_evidence.py	RECOVERED_FROM_CLEANUP_QUARANTINE	6c8c84423651ada6dcdf561996fd43046c8d6fc0e0d88f2efcc4c9a0da855683	3845
tools/finalize_phase3da3_driver_authorization.py	RECOVERED_FROM_CLEANUP_QUARANTINE	8a37f740430e424e59fb0a6ec5af88ccf74218960f2815747c89344b0b1e327a	3206
tools/phase3da_dmax_lt_layer_probe.hip	RECOVERED_FROM_CLEANUP_QUARANTINE	7d2ba2699d426a883dea2bf5db049c49ce73ac397782c75c051446fd3d48203b	9720
tools/phase3da_dmax_roc_layer_probe.cpp	RECOVERED_FROM_CLEANUP_QUARANTINE	eb5eaa6f92ff9c2e01e2e8c03221564afb580a5255841890f47543e4868ba162	10158
tools/phase3da_r1_fix_verification.py	RECOVERED_FROM_CLEANUP_QUARANTINE	abfa83764d4c1df1dbc616067fdc7194e4ef8cbd6f45c6c9da8cc587ed655f5e	12805
tools/run_phase3d0_bridge.py	RECOVERED_FROM_CLEANUP_QUARANTINE	56906ef013e4fcd5b4c0a899b486663ed3d4ea12c0aa5d5b0c63c1955eb4edd0	3512
tools/run_phase3da3_driver_equivalence.py	RECOVERED_FROM_CLEANUP_QUARANTINE	3f89d633a7ed9704618170540fcad0a43dacc78c12caa14c8678b506b1cae85a	6061
tools/run_phase3da_100_step.py	RECOVERED_FROM_CLEANUP_QUARANTINE	5afab1916d82969ec7f779bc2ae7ce5e79fe84333b6ab545732e1c312f8b663f	15858
tools/validate_phase3da_dmax_review_contract.py	RECOVERED_FROM_CLEANUP_QUARANTINE	75401e714724a5e28fdca609b86ebc38e38788a1895514dceca3d53b9988fb82	3388
tools/validate_phase3da_r1_fix_contract.py	RECOVERED_FROM_CLEANUP_QUARANTINE	564df395ee0aeb3870b4000b909bc102a7b2f9abfe9ef8c38f92a75ec93f0bc3	2885
